EDGAR Country Code;Country;Agriculture;Buildings;Fuel Exploitation;Industrial Combustion;Power Industry;Processes;Transport;Waste;Cluster
ABW;Aruba;0,0049251731537269;0,0762437389091059;0,0103420846889094;0,0527064938345737;0,4727769939641821;0,0123875502765822;0,3359855769945553;0,0346323881783639;0
AFG;Afghanistan;0,5216282286591035;0,0361435746973709;0,049988967907361;0,0932454635263572;0,0882366807146995;0,0272004482763776;0,11743511019561;0,0661215260231201;1
AGO;Angola;0,1681550733073845;0,106885555258162;0,4707199594659729;0,0249771108355063;0,0511369746186172;0,0359194472671886;0,1012946727828542;0,0409112064643139;4
AIA;Anguilla;0,0;0,0006133099212311;0,0043322949575824;0,0381467494237756;0,0325972093216583;0,0125230719572171;0,8216744148820622;0,0901129495364729;3
AIR;International Aviation;0,0;0,0;0,0;0,0;0,0;0,0056333481115154;0,9943666518884844;0,0;3
ALB;Albania;0,2980831962315346;0,0919951496999635;0,0441136500160241;0,1123528997705825;0,0003747213898099;0,1295353253096134;0,2526366895504837;0,070908368031988;5
ANT;Curaçao;0,0018127286395856;0,0372929629845316;0,3146007211662089;0,1245765424309283;0,161857552190021;0,0183611965609413;0,3316126568616563;0,0098856391661265;4
ARE;United Arab Emirates;0,007559697638693;0,0030180899603268;0,1227104845531317;0,2910586143466906;0,2695014548789003;0,1376138935653921;0,1413826383081145;0,0271551267487508;5
ARG;Argentina;0,3738854660653194;0,1135647020102401;0,0915977140895982;0,0562221441239733;0,127621315783069;0,0602535528697228;0,1293611575130067;0,0474939475450701;1
ARM;Armenia;0,1940111565827176;0,219875461316768;0,0563666283668042;0,0569648535837716;0,1420172230855722;0,0619071360834424;0,2013714207987996;0,067486120182124;7
ATG;Antigua and Barbuda;0,0549762655608827;0,0656520568937137;1,7780108981400516e-05;0,045774134817122;0,411352780028659;0,0154063378973781;0,2921511638932521;0,1146694808000108;0
AUS;Australia;0,196638753659803;0,035665673130072;0,1464124475165323;0,0665785482694436;0,3197455556480254;0,0495445757859581;0,1580567759411534;0,027357670049012;0
AUT;Austria;0,0923282910088846;0,1159334652966961;0,0935899796133562;0,1318055548916552;0,1632342470764279;0,0957237352887218;0,2814398002291406;0,025944926595117;5
AZE;Azerbaijan;0,1753706588317281;0,1547765067980072;0,1610851371268599;0,0404183066514147;0,2238295461368945;0,0539068834684149;0,14324651837179;0,0473664426148903;7
BDI;Burundi;0,4331366923594834;0,1788735098852094;0,1167335421152531;0,0109379053917823;0,0187522015979947;0,0531478983467449;0,049834115078084;0,1385841352254479;1
BEL;Belgium;0,078400286887971;0,1997881860065314;0,0854349008357687;0,1348095347386188;0,1367503071260817;0,1387811878351994;0,2013443390778516;0,0246912574919772;7
BEN;Benin;0,2816495116922594;0,0693851650586499;0,0987449954109108;0,0262299998516464;0,0186007262089571;0,1023203522435542;0,3190940764402455;0,0839751730937763;1
BFA;Burkina Faso;0,6220127590924568;0,0717361846934857;0,0684826073599559;0,0150372870422776;0,0265984658694279;0,0537584819713483;0,070294102022715;0,0720801119483325;1
BGD;Bangladesh;0,3742693242993313;0,0873855719102222;0,0193779573172133;0,0810142949198422;0,2291793502841267;0,0719872190459941;0,0604333229356239;0,076352959287646;1
BGR;Bulgaria;0,1002275879207817;0,0328767599633671;0,0484719437586015;0,0684766753786097;0,4123911537624804;0,101156675928417;0,1534094910368238;0,0829897122509187;0
BHR;Bahrain;0,0006169232742639;0,004256435862539;0,4420399875460651;0,03172776632045;0,362509248776554;0,0838244329275102;0,060054624439182;0,0149705808534354;4
BHS;Bahamas;0,0110684318938017;0,0652858813117164;0,0061679261316034;0,044538195028167;0,3962061113089257;0,0128515883696173;0,2813541484674851;0,1825277174886833;2
BIH;Bosnia and Herzegovina;0,0686449915848121;0,0474852111065641;0,1425012427993837;0,0617709420161765;0,4642227995216477;0,0587575108215888;0,1222634632520649;0,034353838897762;0
BLR;Belarus;0,2779089557502636;0,0821001456151029;0,0620199707074636;0,0503218813904172;0,3027347504657652;0,0656901807955938;0,1188937212475644;0,0403303940278288;0
BLZ;Belize;0,3170858090690537;0,0388518090487609;0,0275555951044849;0,0231091413003236;0,1650101247393366;0,0116391600862219;0,1150452013174237;0,3017031593343943;2
BMU;Bermuda;0,0106914908772026;0,078043205887869;4,1843435257435575e-05;0,0498853639206463;0,4528683508280753;0,0165623112679259;0,3233841953968545;0,0685232383861689;0
BOL;Bolivia;0,4793584980229449;0,0507624843341733;0,0812027295727662;0,0462667592928986;0,0732308043171265;0,0304535193930931;0,1978497612447497;0,0408754438222473;1
BRA;Brazil;0,4773542696486366;0,0371778438427712;0,0531673118165091;0,0788197574222984;0,0554888358967295;0,0531238279828675;0,1670377213201926;0,0778304320699947;1
BRB;Barbados;0,0539910832167825;0,0554502814777468;0,017769726132274;0,0377296886101426;0,3616927988212366;0,0967574630662493;0,2446507069208688;0,131958251754699;0
BRN;Brunei;0,0063806623291268;0,0116040123469829;0,4669120694598649;0,042181818969452;0,3160265925008469;0,028404779953243;0,1192912821568326;0,0091987822836507;4
BTN;Bhutan;0,1893602250286222;0,211585101816684;0,0255336489621866;0,0952736957041361;0,0793351646193391;0,2526678283628702;0,095669909179488;0,0505744263266735;6
BWA;Botswana;0,2829879004736547;0,0331334982622129;0,0851515090207293;0,052945702877817;0,2799213693965339;0,0437804846012144;0,1864306325231952;0,0356489028446422;0
CAF;Central African Republic;0,8379071714787333;0,0304573455953969;0,0522773923931868;0,0025641501251836;0,0044658880174947;0,0270538749296598;0,0117009658305537;0,0335732116297907;1
CAN;Canada;0,0844097253060032;0,1207186794613595;0,2622025081665066;0,086302782046996;0,1198494858601553;0,0646969017635992;0,2235365447064287;0,0382833726889512;7
CHE;Switzerland and Liechtenstein;0,115633893403573;0,2656826775029723;0,0278746455779459;0,1035794698423696;0,0573813960266476;0,0915823147658772;0,329658731730978;0,008606871149636;7
CHL;Chile;0,0933335151867001;0,0669121546883347;0,0372259555437969;0,1205313298152518;0,263296980847424;0,0872963080159481;0,2216841781331108;0,1097195777694333;5
CHN;China;0,0555241490025384;0,0516242362064831;0,0941737922584554;0,2109162083136421;0,369511319188822;0,1329261916146477;0,0630108377067348;0,0223132657086762;5
CIV;Côte d’Ivoire;0,1731354937001285;0,108096470515376;0,176628392288574;0,047661026759134;0,1277146684488252;0,1208308857522387;0,147709363316297;0,0982236992194262;5
CMR;Cameroon;0,2962582139878911;0,0744326226707019;0,2765393132145728;0,0083063777920304;0,0507030823635412;0,1020110923544691;0,0917012144193424;0,1000480831974507;1
COD;Democratic Republic of the Congo;0,1616747842837522;0,1528153607216561;0,3201323695399747;0,0043036241120491;0,0003936343165596;0,0649359889631769;0,0700093629346687;0,2257348751281624;2
COG;Congo;0,0426126235139882;0,0238443088208348;0,7416226989009128;0,0044239739569652;0,0665191731880911;0,0246074547436171;0,0667845394825577;0,0295852273930327;4
COK;Cook Islands;0,0551218502036265;0,1154972612584402;1,742974721637878e-06;0,1090254379614222;0,2184179024395934;0,0113463661454629;0,4470976105562386;0,0434918284604943;7
COL;Colombia;0,3434025514389498;0,054071727934733;0,1325451395255949;0,0744679156374842;0,0744623411202222;0,0590757904911466;0,1546378020123952;0,1073367318394737;1
COM;Comoros;0,1458088848176;0,1037270802532519;0,2007653412847862;0,0443290991772584;0,0771374722700924;0,0159508991749799;0,208723895308186;0,2035573277138447;2
CPV;Cabo Verde;0,1097242619375905;0,1031209579470305;0,0027954707498208;0,0958508190972932;0,1728462210653803;0,0129124923159711;0,4366891784014412;0,066060598485472;7
CRI;Costa Rica;0,3150931013378193;0,0353808826148398;0,0014743720610872;0,0748783618227725;0,0166389218089;0,0637831895550802;0,3621810006928563;0,1305701701066446;2
CUB;Cuba;0,2402113299973298;0,0768751409303127;0,0301284477526457;0,1485375813425462;0,315872919282642;0,0414395834449161;0,0327628064631754;0,1141721907864319;5
CYM;Cayman Islands;0,0165697071189631;0,0736413701537462;0,0002128702495702;0,0516897568032779;0,4581219778670367;0,0163636836581015;0,3255802259919566;0,0578204081573475;0
CYP;Cyprus;0,0615983295875566;0,0622556524722924;0,0007699689322512;0,0664722133824687;0,3647846282193914;0,1448436833392565;0,2238392629968178;0,0754362610699651;0
CZE;Czechia;0,0644065457247135;0,1008324558546918;0,0710624556240409;0,0923524875189738;0,411437757435998;0,0789572514458152;0,1410401368988635;0,0399109094969029;0
DEU;Germany;0,0734475922460046;0,1602998887827889;0,051213140702822;0,1111206338520789;0,3358186605271516;0,0721613340174923;0,1805071640501397;0,0154315858215217;7
DJI;Djibouti;0,3170081358523468;0,0587852601369;0,073109636394938;0,0412370750937892;0,0737788580026489;0,0476021878161886;0,1873262512900227;0,2011525954131655;2
DMA;Dominica;0,2532111102184413;0,0463015728216524;0,0145412656924689;0,0296517753678648;0,2582163366201108;0,0246475510163987;0,1827910634339904;0,1906393248290725;2
DNK;Denmark;0,2229488610263723;0,1019481338349154;0,0529137058193283;0,0766070148194203;0,2286287490435236;0,0451860638957528;0,2480201595460068;0,0237473120146801;7
DOM;Dominican Republic;0,2170432049140241;0,0468361220924246;0,0150210782592217;0,0903871992204004;0,2761800625526913;0,0858187305605747;0,1744850117497889;0,094228590650874;0
DZA;Algeria;0,0519197622243112;0,1151336244270899;0,3113938124427152;0,0559211291417574;0,1634723198319502;0,0748811452766077;0,1905702518616213;0,0367079547939468;4
ECU;Ecuador;0,1964667666775106;0,0972934973295377;0,2040766708114726;0,0566174992461156;0,094028801334948;0,0443577294594759;0,2559424820541889;0,0512165530867504;7
EGY;Egypt;0,0901388779890574;0,0589932307030663;0,1291468548005298;0,1003938412872764;0,2367473742202502;0,1519240957686865;0,1637808165044058;0,0688749087267273;5
ERI;Eritrea;0,6755619758964881;0,0429305733229058;0,0760218699858505;0,003581634952002;0,045724129582036;0,0182670406856798;0,0350009551671386;0,1029118204078988;1
ESH;Western Sahara;0,3407417815545431;0,0516234482339041;0,0;0,0668933668842071;0,0675954526968693;0,0060763542122384;0,1970694666479737;0,2700001297702639;2
ESP;Spain and Andorra;0,1288455179204697;0,1001628519547717;0,0662393122106691;0,0987671609855466;0,1907064714458968;0,097198066303001;0,2719288684292866;0,0461517507503582;5
EST;Estonia;0,105938067652214;0,0375369477348493;0,2191857720829164;0,0274787169491681;0,4164123699457902;0,0279220381756752;0,1042289525157064;0,0612971349436801;0
ETH;Ethiopia;0,6428766570325692;0,0955656583644826;0,0968735776492929;0,02748724907568;7,104330319032822e-05;0,0256079329626692;0,0359957308507958;0,0755221507613197;1
FIN;Finland;0,1037947688730311;0,0765855368101959;0,0628357237388797;0,119462793303504;0,2926722297071228;0,0899642143259641;0,1777434449173046;0,0769412883239974;5
FJI;Fiji;0,237821860468571;0,0722968708559432;0,0027512850276383;0,0672963304004167;0,132819557161392;0,0858331250628725;0,2713810869990931;0,129799884024073;2
FLK;Falkland Islands;0,885493641314072;0,0088945372901123;0,0060349787115885;0,0056818267441093;0,0512314942620772;0,0019095074893507;0,0360042248740579;0,0047497893146317;1
FRA;France and Monaco;0,1684914055617311;0,1787179291635063;0,0502322866112057;0,0959948074256636;0,0883303937089999;0,0886069274737909;0,2771599998840747;0,0524662501710276;7
FRO;Faroes;0,7473743641225256;1,0996615313208205e-05;0,0;0,0;0,0;0,0072961898721451;0,0;0,245318449390016;2
GAB;Gabon;0,0112494883397416;0,0355861603818693;0,7650715239418329;0,0484018331033367;0,0559679112604409;0,0480236637735661;0,0230987328030261;0,0126006863961862;4
GBR;United Kingdom;0,1088179223168335;0,1797290813974623;0,0713603133688584;0,0720491008632873;0,2150769849750589;0,0579881206494152;0,2298954876087868;0,0650829888202974;7
GEO;Georgia;0,1713978523623828;0,1402782727248002;0,0204191194960307;0,0953598103758844;0,0691179181903441;0,170852041159505;0,2201661933273906;0,1124087923636617;5
GHA;Ghana;0,1775299362177021;0,0461633662465894;0,2047149842042142;0,0436334216124365;0,1292326985619058;0,0982562480203354;0,2153057035967589;0,0851636415400573;5
GIB;Gibraltar;0,0;4,978308345861304e-06;0,0;0,0;0,2191393323830466;0,0051365628999693;0,752359294578949;0,0233598318296891;3
GIN;Guinea;0,5872053809504828;0,0834808244685182;0,0556554901576985;0,0181721226309546;0,0316333515154459;0,0503789749663165;0,0837699521204409;0,0897039031901422;1
GLP;Guadeloupe;0,1229648572879963;0,0475250531474355;0,0067210197613374;0,0218428073140507;0,3740447527392822;0,0973585086881819;0,2673871050669597;0,0621558959947561;0
GMB;The Gambia;0,4263197887826114;0,082260994019184;0,1089633467503594;0,0316006273580633;0,0566130887985785;0,0115570125689962;0,1445133864136607;0,1381717553085463;1
GNB;Guinea-Bissau;0,5800740859665879;0,1315616200591948;0,0752751044905543;0,0141708821079813;0,0251363944505753;0,0114211224465992;0,0640426267236139;0,098318163754893;1
GNQ;Equatorial Guinea;0,0020316183451224;0,0133880444012729;0,6793493080221816;0,0969215140564836;0,0418509596143533;0,0930261290733373;0,0441133497059494;0,0293190767812989;4
GRC;Greece;0,0829182434352964;0,0812017684456617;0,0761672283012832;0,0605602338172148;0,3248382137304588;0,1195712610010096;0,201168434053751;0,0535746172153243;0
GRD;Grenada;0,0771464445817971;0,0578160787663072;1,44775917092864e-05;0,0406700612282416;0,3605131579449723;0,0289486453158844;0,2559725873405732;0,1789185472305147;2
GRL;Greenland;0,0092779629649785;0,4980966862668007;0,0101818981993521;0,0879706617555888;0,1517218552324321;0,0066998853084138;0,1488144619076504;0,0872365883647833;7
GTM;Guatemala;0,2798541929075075;0,0967619030206265;0,0130881032366579;0,0615983532904503;0,1040483908639879;0,0496694435190915;0,2229489598216602;0,172030653340018;2
GUF;French Guiana;0,0929823393451728;0,0697398091745825;0,0763126831439469;0,0224549270768319;0,3335650765126275;0,0775605791748827;0,2333435456909539;0,0940410398810017;0
GUY;Guyana;0,3177114620853631;0,0659197773287969;0,1216921089094279;0,0737302549523315;0,1639285957088032;0,0260265481937546;0,1522993108789361;0,0786919419425862;1
HKG;Hong Kong;0,0006495328308286;0,0350013407888694;0,0063260202326213;0,033909655338936;0,6401767309476177;0,0229731500405726;0,1620652202870636;0,0988983495334906;0
HND;Honduras;0,3101483539291559;0,055375027720726;0,0004162308559978;0,0834338404366303;0,1550670922262939;0,06310457708784;0,1921758484236193;0,1402790293197365;2
HRV;Croatia;0,1082348182294761;0,1267363169856211;0,0616540860578329;0,0904809096486667;0,1289262749875076;0,1701560029883882;0,2421478975697753;0,0716636935327317;5
HTI;Haiti;0,3142359960669046;0,0806889069130816;0,2801042928289451;0,0440240516305197;0,0647307797977895;0,0332681705463887;0,0990431928688862;0,0839046093474843;1
HUN;Hungary;0,1195091590727813;0,1841278387774769;0,0736912860997927;0,0882910264210339;0,1740608892142706;0,0964606039530418;0,1881229117046807;0,0757362847569217;7
IDN;Indonesia;0,143291390764807;0,0343753959902667;0,2216378861985296;0,1298114245478732;0,2189796609830822;0,0624710724309321;0,1395918110449263;0,0498413580395826;5
IND;India;0,2143342517864554;0,0630670014435007;0,0496664136873891;0,156346296330791;0,3266441466681322;0,0706085240583358;0,0806758287770382;0,0386575372483573;5
IRL;Ireland;0,3669575468124149;0,1354018901158444;0,0265485787255026;0,0559686841591092;0,1647840642025181;0,0464923686520651;0,1714674207594536;0,032379446573092;7
IRN;Iran;0,0447543717269737;0,1721377345863154;0,2103097959768316;0,1202259331774971;0,1913333349332512;0,0846311007964082;0,1609437892459971;0,0156639395567252;7
IRQ;Iraq;0,0231814990323484;0,0305968079979544;0,5325736936831592;0,0360510271548326;0,2002479377307128;0,0427638205339931;0,1018561780245728;0,0327290358424264;4
ISL;Iceland;0,1229901733552131;0,1297985746262538;2,148838714805338e-07;0,0553675437856698;0,0011415438464015;0,4338854066732312;0,1999745879706958;0,0568419548586629;6
ISR;Israel and Palestine, State of;0,0347354336317207;0,0292555173206785;0,0284355185713998;0,0463023725765474;0,4542279809895869;0,1077226179939039;0,2133787641774931;0,0859417947386694;0
ITA;Italy, San Marino and the Holy See;0,0753603912651966;0,1705084702461968;0,0439992647143861;0,0866961292875416;0,2425917760048908;0,0941292706620456;0,2405183150894478;0,0461963827302943;7
JAM;Jamaica;0,0724470731745209;0,0554447524786425;0,0156937088319512;0,215483497227154;0,3012877375638511;0,0688844989372863;0,2356746211917424;0,0350841105948513;5
JOR;Jordan;0,0350007354586037;0,0818223851123498;0,0177863760524871;0,0601388647958961;0,2979137287270291;0,1349522487777038;0,2409862634664217;0,1313993976095085;0
JPN;Japan;0,0361924209302076;0,1027523267681401;0,0472630925777224;0,1522277753593985;0,4192745899935611;0,0685416032514444;0,1632620653641181;0,0104861257554076;5
KAZ;Kazakhstan;0,0944617694305334;0,1101307624747379;0,2026593418561396;0,1325001811971332;0,333083545832633;0,0511368776533084;0,0612434361127081;0,0147840854428062;5
KEN;Kenya;0,6379048018347713;0,0604549007711064;0,0838857998974224;0,0321107479438477;0,0184566280437056;0,0402079702920364;0,0938815104409704;0,0330976407761396;1
KGZ;Kyrgyzstan;0,3448888875553629;0,1876088967593395;0,0337106493151497;0,0429394345194515;0,107318448246638;0,0436096679740003;0,1146561260163596;0,1252678896136982;7
KHM;Cambodia;0,6004258567952673;0,0422287995799891;0,0254139102791501;0,0356016764485944;0,0735271734815598;0,060738046145436;0,1285251871356398;0,0335393501343631;1
KIR;Kiribati;0,0605242004473407;0,09499216613498;0,0117365046218894;0,0857101155126831;0,1704661837502563;0,0172902179364867;0,3507580326355713;0,2085225789607922;2
KNA;Saint Kitts and Nevis;0,073946955781281;0,058152903932134;1,5464964211976327e-05;0,040621506680225;0,3634452744046365;0,012940688086605;0,2581552117629002;0,1927219943880062;2
KOR;South Korea;0,0367368133025341;0,0788542658479246;0,0731760421370719;0,1077771879742366;0,4360531644747917;0,0994546197831715;0,1410130527873022;0,0269348536929669;0
KWT;Kuwait;0,0025519546433043;0,0059102431201766;0,31805044532686;0,0919768766915042;0,302458169499631;0,1158230298706556;0,1019589238555611;0,061270356992307;4
LAO;Laos;0,3881585722363623;0,0207641486094404;0,0366637609794745;0,037839517371069;0,3192351273053271;0,0912803666988071;0,0868044436442333;0,0192540631552861;0
LBN;Lebanon;0,0254645161844364;0,0278456292389821;0,000534789370491;0,0353380658053465;0,39149956407406;0,1408183892792292;0,2661891928664835;0,1123098531809709;0
LBR;Liberia;0,1291505271643667;0,2933266592452027;0,2178690821015367;0,0256572723360361;0,0461126995663336;0,0558765650593274;0,1151330541498191;0,1168741403773773;7
LBY;Libya;0,0314454650309188;0,0168459681477616;0,3430926022142158;0,0334342763376611;0,2573744427978022;0,0779997094462851;0,2075781384330578;0,0322293975922972;4
LCA;Saint Lucia;0,0878086038546431;0,0539363583963024;0,0083514953340982;0,0367518683062222;0,3185873683139193;0,1765381720562387;0,2256057136707338;0,092420420067842;0
LKA;Sri Lanka;0,2093430233535737;0,0651126772921678;0,0026637927284434;0,0337376448807833;0,2205150225546298;0,0546485904170932;0,2818203366150268;0,1321589121582815;2
LSO;Lesotho;0,4207618679781557;0,1580575668850324;0,1127621983676961;0,0308936511430261;0,0546232473089322;0,0185845423190052;0,1430091619078645;0,0613077640902875;1
LTU;Lithuania;0,2511441525327438;0,064472135233227;0,072728607848701;0,0516850726634455;0,0733854272659996;0,203483730994738;0,2268843216281276;0,0562165518330171;5
LUX;Luxembourg;0,0611824610527929;0,1568994126045817;0,002499533864936;0,0930796965082395;0,0497074489612002;0,0627051172286155;0,5613039613490536;0,0126223684305802;7
LVA;Latvia;0,2632968756447841;0,1248849661414111;0,015493311671107;0,0652359167874115;0,1395091718342148;0,0912553379271755;0,2482455450455918;0,0520788749483039;7
MAC;Macao;0,0015392509195767;0,1115069005156126;0,0449878446732966;0,1215794861170048;0,2524493266101255;0,0325537937460816;0,4149674025202015;0,0204159948981001;7
MAR;Morocco;0,1369254825955503;0,1062359571871474;0,0063571495001193;0,0771469025141662;0,2430221208685787;0,0704065375315631;0,174122296582038;0,1857835532208367;2
MDA;Moldova;0,1578155607564903;0,1478468375502785;0,0155068049157604;0,0694688290512101;0,2904566420252897;0,0675655467265743;0,1713698559930328;0,0799699229813636;7
MDG;Madagascar;0,6596925777453272;0,0581389392843218;0,0874259458750807;0,0174601058051119;0,0432494190564788;0,028637141935855;0,0393640006387749;0,0660318696590494;1
MDV;Maldives;1,2654538681610268e-05;0,1205710588950897;0,0014485495638763;0,1113394630094011;0,223184491142126;0,0115659915173124;0,4575718241855494;0,0743059671479632;7
MEX;Mexico;0,1675707374864149;0,0515447050970536;0,1111184714494627;0,0837610248706735;0,2165139429687611;0,0894175884369363;0,2108146328423705;0,0692588968483271;5
MKD;North Macedonia;0,0981260174488156;0,0324380548437258;0,0168537233157669;0,0965721391134721;0,3928942442855809;0,1193771751541222;0,1793880554487444;0,0643505903897717;0
MLI;Mali;0,7817816986107196;0,0318153779041347;0,0190259389409646;0,0143831647945997;0,0254051513009633;0,0225165765567481;0,0680185060095026;0,0370535858823673;1
MLT;Malta;0,0296529387560096;0,0586515531580469;0,0007772566183065;0,0245443812598417;0,4695733654397424;0,0795587640428132;0,2671123814765153;0,0701293592487241;0
MMR;Myanmar/Burma;0,7176912848732087;0,0658888403370858;0,0176311067081721;0,0431830401136839;0,0471564328302704;0,0223130612425615;0,0524663987191052;0,0336698351759122;1
MNG;Mongolia;0,3824368495219415;0,0477077833361625;0,2865101999455258;0,0309955387536928;0,2014147355352964;0,007106205380583;0,036056151854195;0,0077725356726024;1
MOZ;Mozambique;0,2477426870943338;0,0695125105000365;0,3374314617134918;0,0292438968182264;0,037479279423636;0,0919039092743458;0,122112017243425;0,0645742379325044;4
MRT;Mauritania;0,5944727350274999;0,042547446548367;0,0486218903297418;0,0267934538396716;0,0473589930710285;0,0605456230830024;0,12539424075973;0,0542656173409584;1
MTQ;Martinique;0,0310257344810275;0,0561943493448738;0,0067927661427508;0,0258888043425624;0,4433455622649492;0,0646697848824484;0,3169550034064828;0,0551279951349049;0
MUS;Mauritius;0,0200387731106824;0,0365729047995732;0,0003347085237417;0,0592833577790742;0,4239985956333486;0,1763908668563157;0,191997665181308;0,0913831281159559;0
MWI;Malawi;0,3886497867307713;0,0651184378003762;0,1139883363289764;0,1345476202273333;0,1332165972277366;0,0422628371934307;0,0470177786021099;0,0751986058892654;5
MYS;Malaysia;0,0367754577249106;0,0259265603822051;0,1374461941685331;0,1125821283085537;0,3752515472189827;0,0768058978188805;0,1981734672737127;0,0370387471042213;0
NAM;Namibia;0,5934866742620069;0,0805201602622741;0,0541977525793055;0,0172861751396018;0,0049241573718993;0,0506888935352934;0,1723944368059819;0,0265017500436367;1
NCL;New Caledonia;0,0377898172033222;0,0653462828088672;0,0003630321656154;0,3504065870154941;0,2719638715434795;0,0152166856068635;0,2495375704012104;0,0093761532551475;5
NER;Niger;0,8356284035983808;0,0317106617175624;0,0155086868669209;0,0073420118983584;0,0175378694399034;0,0172508882574074;0,0359283887862059;0,0390930894352607;1
NGA;Nigeria;0,2100118328220048;0,0391376752192846;0,3859752579309587;0,0269857654331908;0,0457129643836547;0,0624022565268997;0,1484305120140922;0,0813437356699142;4
NIC;Nicaragua;0,6030784602591818;0,0598270130788787;0,0079782988827828;0,0327585023796194;0,0812199650875824;0,0329324771361544;0,1236990454591781;0,058506237716622;1
NLD;Netherlands;0,0996030094885812;0,1679944673220334;0,0802389899579762;0,1169544899066871;0,273925016992657;0,0797408301643545;0,1562183108687454;0,025324885298965;7
NOR;Norway;0,083707599865997;0,0469165341786268;0,2887125464502535;0,106780389949015;0,0349950401839393;0,1690983932113248;0,2380262991992872;0,0317631969615559;5
NPL;Nepal;0,5824471895958635;0,1279078145049194;0,0015259796630738;0,1014262643765434;3,8355706547267824e-05;0,0562260109876687;0,0768710428769725;0,053557342288411;1
NZL;New Zealand;0,5127246045477193;0,0404114609604652;0,0305738389604342;0,0733062868216711;0,0662686472553957;0,0512203840589265;0,174587357492916;0,0509074199024717;1
OMN;Oman;0,0144227826827718;0,1421527487956332;0,3393774744997822;0,109207445369112;0,1426697299412204;0,117843000607702;0,1077601595632972;0,0265666585404809;5
PAK;Pakistan;0,4659439221913119;0,0683622811058643;0,039069639418942;0,0992288393892573;0,1110856512562429;0,0656434222437051;0,103439296598864;0,0472269477958121;1
PAN;Panama;0,2309662292870166;0,0395379695644446;0,0002410127644614;0,1156111730879216;0,1829210508865154;0,075324957191409;0,2742935855287092;0,0811040216895218;5
PER;Peru;0,2332210707908321;0,0559780875609196;0,07131494998951;0,0973644405875394;0,1340220862955481;0,063505802701619;0,2621303979073932;0,0824631641666385;5
PHL;Philippines;0,2528551723736549;0,0536350367003964;0,0557902250477631;0,0646122019297464;0,2942800036135767;0,0757941790025695;0,1513096924019747;0,051723488930318;0
PLW;Palau;0,0;0,0708644154235016;0,0194004042517957;0,0511994492171121;0,2907536962574134;0,009535474155665;0,5561165169442386;0,0021300437502732;3
PNG;Papua New Guinea;0,1777027347649988;0,1135470424481417;0,1631296718100378;0,0680403009878603;0,1374762608703958;0,0250434994582963;0,2286917225834925;0,0863687670767765;7
POL;Poland;0,0951116502409571;0,1421012776158237;0,0765060719898228;0,0736579716348758;0,374954641621676;0,0736829846512697;0,1458042543464878;0,0181811478990869;0
PRI;Puerto Rico;0,0420996122299007;0,0340159040565732;0,0005715988111336;0,013384283050584;0,6523389540820542;0,0197157131745465;0,1614573168795955;0,0764166177156119;0
PRK;North Korea;0,0660882393866522;0,1259236085489103;0,1671937586339648;0,3375021690083837;0,151205765831549;0,0622383630163444;0,0400011192490961;0,0498469763250991;5
PRT;Portugal;0,1102584723670871;0,0693081844767996;0,0452494075685944;0,0881993680066087;0,221225602693903;0,1188382570504089;0,2603222006241723;0,0865985072124257;5
PRY;Paraguay;0,751646849105618;0,0147164008128339;0,0289142698196946;0,0084765670199532;6,859033389907009e-05;0,0286989489683001;0,1524141430334235;0,0150642309062772;1
PYF;French Polynesia;0,0365672337788404;0,1166122440331791;0,0014503521797488;0,1104946503548427;0,2213408880709673;0,0135680580992085;0,4557400021239261;0,0442265713592869;7
QAT;Qatar;0,0033106821658252;0,0028963117421679;0,4746434130474078;0,1237025785509285;0,1603887295573106;0,1266405741713619;0,0873496659325743;0,0210680448324235;4
REU;Réunion;0,0440499022992723;0,0808702429896904;0,0144496818580188;0,1246888816503862;0,1949483220237324;0,0464447125900229;0,4604603247951129;0,0340879317937636;7
ROU;Romania;0,1531077668400214;0,109282287881824;0,0643962256232735;0,1108166143532583;0,232328992099342;0,1191004053135818;0,1574901046310416;0,053477603257657;5
RUS;Russia;0,0479048963930781;0,0828549276589607;0,1825120620001618;0,1073644699928285;0,3586105578706159;0,0732373442653055;0,1093371694700832;0,0381785723489662;5
RWA;Rwanda;0,393181811754891;0,1474372298996121;0,1191577092631318;0,0321880752069386;0,0399830886274512;0,0431987586413291;0,0829698137903276;0,1418835128163184;1
SAU;Saudi Arabia;0,0110721585666123;0,0066007695587504;0,141089050582316;0,139703202459744;0,3193223588096631;0,1601751382867658;0,1838776703857203;0,0381596513504278;5
SCG;Serbia and Montenegro;0,0907305350084979;0,0553599738593806;0,0470636945518866;0,0657030726287494;0,546321618451616;0,0438556448335451;0,122723599166561;0,028241861499763;0
SDN;Sudan and South Sudan;0,6854434651384247;0,0294482975245619;0,0682156932812963;0,0120976046844516;0,0289208570577421;0,0228443565603566;0,0885653422977407;0,0644643834554258;1
SEA;International Shipping;0,0;0,0;0,0185679819019917;0,0;0,0;0,028289963495141;0,9531420546028672;0,0;3
SEN;Senegal;0,4284006397638265;0,0334826603239719;0,0379824461872697;0,0473572196098819;0,125048728584154;0,1294621666137157;0,1291553413135761;0,0691107976036039;1
SGP;Singapore;0,0002525793656989;0,0096696565894264;0,0805451019797663;0,1842866509234324;0,31663715846184;0,250820652475046;0,100496497290631;0,0572917029141587;5
SHN;Saint Helena, Ascension and Tristan da Cunha;0,1023947565710508;0,0001648140226006;0,0335937955321755;0,0055709987028822;0,2629128576112379;0,010558251477764;0,5598442524118769;0,0249602736704118;3
SLB;Solomon Islands;0,1159592056895827;0,0938097895225932;0,0071735357692513;0,0698413309336231;0,1391057242267333;0,0157430752954837;0,2871622054461141;0,2712051331166183;2
SLE;Sierra Leone;0,3875467144337975;0,1331985511840329;0,1984444393913795;0,0188997884056474;0,0334100151344154;0,0344832991097456;0,0870184881956731;0,1069987041453081;1
SLV;El Salvador;0,2200086270734612;0,0597635303320508;0,0011820750517196;0,1164504026848361;0,104291363106941;0,0640636691277771;0,2852268327007703;0,1490134999224436;2
SOM;Somalia;0,6798999377734555;0,0669549279507742;0,1202357067462281;0,0031137145139141;0,0054055865665869;0,0405366018067713;0,0137873529093793;0,0700661717328906;1
SPM;Saint Pierre and Miquelon;0,0096615743717523;0,0686014950789957;2,171842036823288e-05;0,0462329150632665;0,4253284340508148;0,008480077846521;0,302324326538906;0,1393494586293754;0
STP;São Tomé and Príncipe;0,0642200856990892;0,1285534224904918;0,1238605824388663;0,0762408954487679;0,1365904433291549;0,0167413871549348;0,3503796344072839;0,1034135490314109;7
SUR;Suriname;0,1833863890653218;0,1509347416367663;0,0602282970477923;0,024596194525258;0,2861745521455334;0,0131747725970474;0,2188816414339478;0,0626234115483326;7
SVK;Slovakia;0,0658489497114284;0,1151425258712787;0,1371869164069967;0,1648209722677216;0,1465510392367885;0,143932818492918;0,1601204252577264;0,0663963527551412;5
SVN;Slovenia;0,1046357878114576;0,0807686995724538;0,0555617978357745;0,0894648026447469;0,2510814184475942;0,1025610431459504;0,2833183476735302;0,0326081028684921;5
SWE;Sweden;0,1405765888464675;0,0566989598395625;0,0650616364200873;0,1345957294135051;0,1302922908641193;0,1058097931832336;0,3012458972640965;0,0657191041689281;5
SWZ;Eswatini;0,4391093627088786;0,0781531679169465;0,0876052124180698;0,0697854120124715;0,019174650207563;0,0166077109511797;0,2346507156547791;0,0549137681301114;1
SYC;Seychelles;0,0037169604596254;0,0929599503542489;0,0;0,1121426904806026;0,2035183213886792;0,0126475847633269;0,5159363605911789;0,0590781319623379;7
SYR;Syria;0,1259071642239787;0,0786426003750259;0,0943666543384233;0,0642729524353486;0,3351763732993914;0,1113948016350839;0,1307806478350298;0,059458805857718;0
TCA;Turks and Caicos Islands;0,0;0,0781023627984718;0,0084935383923384;0,0556560983722911;0,4694920904479115;0,0150984849728453;0,3321099513415533;0,0410474736745883;0
TCD;Chad;0,8871371464879882;0,0164341355537572;0,045356263911788;0,0023958343714492;0,0042012138752326;0,0091876367369567;0,0112506086751671;0,0240371603876604;1
TGO;Togo;0,2676947931556077;0,0837946078181962;0,2415365122944721;0,0196994675492435;0,0284472063998806;0,1362119392134275;0,12374152072014;0,0988739528490322;1
THA;Thailand;0,1544849479976466;0,0468830856446535;0,0814855786498148;0,1297195288400827;0,2222987946598359;0,1328676254646144;0,1728761268077206;0,0593843119356312;5
TJK;Tajikistan;0,4676939716564134;0,1277816673446566;0,0480502968917024;0,0464816495243421;0,0563485956742797;0,0991582943549447;0,0798055453125241;0,0746799792411367;1
TKM;Turkmenistan;0,1409269894684467;0,2735192940681486;0,2245811589212965;0,0440813841750059;0,1758212492590309;0,0283863169282268;0,0998909064451745;0,0127927007346697;7
TLS;Timor-Leste;0,4305500832798818;0,0371437006730603;0,2652783678140252;0,0304499321515719;0,0605352995099942;0,0044352233404306;0,1231815058780044;0,0484258873530311;1
TON;Tonga;0,2900379093827347;0,0749293565801579;0,0027375950303346;0,069314023364376;0,1376771139450155;0,0094960853893761;0,2836238539320281;0,1321840623759767;2
TTO;Trinidad and Tobago;0,0055977421663282;0,0098411009345557;0,2321326279436299;0,0610936275897251;0,1370332359736417;0,394971218075664;0,0721116606399934;0,0872187866764617;6
TUN;Tunisia;0,0996502777864883;0,106769443177573;0,1017009508309251;0,1179471358482626;0,210487140358098;0,1107147510781045;0,1782261463214185;0,0745041545991297;5
TUR;Türkiye;0,1235955418288917;0,1377566271772371;0,0480972962518958;0,1246416181308236;0,2606534469718815;0,1157262679823849;0,1494106016589177;0,0401185999979675;5
TWN;Taiwan;0,01477604985835;0,0349416551803562;0,0717177945758025;0,1193549247833201;0,5121077960633479;0,0909527687163899;0,1221234762779713;0,0340255345444619;0
TZA;Tanzania;0,6034653425917086;0,0838176100889896;0,0684653974453042;0,0294013017174643;0,0347636574977353;0,0374829178558608;0,099504795325194;0,0430989774777429;1
UGA;Uganda;0,5576627253850938;0,0925278069096314;0,1318412951215412;0,0329223400501392;0,0046879437883978;0,0386339945202792;0,063955888535518;0,0777680056893991;1
UKR;Ukraine;0,1007887969830359;0,0963447707098867;0,1907292843658895;0,1221381918119884;0,2863105850205647;0,0832003183414493;0,0834497557159618;0,0370382970512233;5
URY;Uruguay;0,7146992701862048;0,0283240095577687;0,0110334287451381;0,0234027003282519;0,023849430772261;0,0157203715724369;0,0928020168691134;0,0901687719688248;1
USA;United States;0,0648900958506814;0,0930394176225071;0,1103769340344097;0,0714665712751512;0,3006693357231146;0,0606809222008166;0,2725084677492821;0,026368255544037;0
UZB;Uzbekistan;0,2263779379842851;0,1850769225055459;0,1519840938767561;0,0694941391196267;0,2238011753439683;0,0430272678372727;0,0683899148617109;0,0318485484708339;7
VCT;Saint Vincent and the Grenadines;0,0925101047673452;0,0586079777569987;0,0198719982326563;0,0386992424362613;0,3368530640262174;0,015136267983321;0,2384030568806705;0,1999182879165295;2
VEN;Venezuela;0,1842659949143644;0,0228409778525995;0,3178238004796036;0,0939729604415426;0,1140582623553429;0,0650283678897276;0,1597568171527347;0,0422528189140843;4
VGB;British Virgin Islands;0,0987031167938759;0,068901481963975;0,0073435914500931;0,047205610500771;0,4214486503866271;0,0146850998190413;0,2987492436159492;0,0429632054696671;0
VNM;Viet Nam;0,2301622385288831;0,0419558799397236;0,0630207150247786;0,1571294554410896;0,2647187230139229;0,1127858433488064;0,0928702401508771;0,0373569045519183;5
VUT;Vanuatu;0,5347186102950169;0,0564050838162266;0,0028687710610874;0,0405161172003988;0,0797982843942653;0,0077658200944836;0,1654156759667989;0,1125116371717223;1
WSM;Samoa;0,2936542280612023;0,0938301846607831;0,0030486345296524;0,076081033965275;0,1516375543140709;0,0109688955750434;0,310596756320565;0,0601827125734075;7
YEM;Yemen;0,1970648110312882;0,0794098453769549;0,1941774184461097;0,0463105142480309;0,0913862186682861;0,1640782867320026;0,1137940136239048;0,1137788918734224;5
ZAF;South Africa;0,0699309455715041;0,0512414639938359;0,2072188881853528;0,0847927190764183;0,4079055557293051;0,0533241245875551;0,0870530140209646;0,0385332888350638;0
ZMB;Zambia;0,3957438822831349;0,0831247844350113;0,2162996442039546;0,0759202707079957;0,0663579763568851;0,0614366407021293;0,0683939842489263;0,0327228170619624;1
ZWE;Zimbabwe;0,4344128830528816;0,0937360563419087;0,0377259825153185;0,0545168072372274;0,1942612529179807;0,0524791055610685;0,0790191600068477;0,0538487523667665;1
